"Name","Platform","Compiles","CompilesDouble","Uses","UsesDouble","PermutationString"
"/Engine/EngineMaterials/DefaultTextMaterialOpaque.DefaultTextMaterialOpaque","24","0","0","40","0","Compiling DefaultTextMaterialOpaque: Platform=GLSL_ES3_1_ANDROID, Usage=LightingModel=MSM_DefaultLit, BlendMode=BLEND_Masked, SpecialEngine=0, TwoSided=1, TSNormal=1, Masked=1, Distorted=0, WritesEveryPixel=0, ModifiesMeshPosition=0, Usage={}"
"/Engine/EngineMaterials/WorldGridMaterial.WorldGridMaterial","24","0","0","965","0","Compiling WorldGridMaterial: Platform=GLSL_ES3_1_ANDROID, Usage=LightingModel=MSM_DefaultLit, BlendMode=BLEND_Opaque, SpecialEngine=1, TwoSided=0, TSNormal=1, Masked=0, Distorted=0, WritesEveryPixel=1, ModifiesMeshPosition=0, Usage={}"
"/Engine/EngineMaterials/DefaultDeferredDecalMaterial.DefaultDeferredDecalMaterial","24","0","0","187","0","Compiling DefaultDeferredDecalMaterial: Platform=GLSL_ES3_1_ANDROID, Usage=LightingModel=MSM_DefaultLit, BlendMode=BLEND_Translucent, SpecialEngine=0, TwoSided=0, TSNormal=1, Masked=0, Distorted=0, WritesEveryPixel=1, ModifiesMeshPosition=0, Usage={bUsedWithSkeletalMesh,bUsedWithStaticLighting,bUsedWithSplineMeshes}"
"/Engine/EngineMaterials/DefaultLightFunctionMaterial.DefaultLightFunctionMaterial","24","0","0","4","0","Compiling DefaultLightFunctionMaterial: Platform=GLSL_ES3_1_ANDROID, Usage=LightingModel=MSM_Unlit, BlendMode=BLEND_Opaque, SpecialEngine=0, TwoSided=0, TSNormal=1, Masked=0, Distorted=0, WritesEveryPixel=1, ModifiesMeshPosition=0, Usage={}"
"/Engine/EngineMaterials/DefaultPostProcessMaterial.DefaultPostProcessMaterial","24","0","0","14","0","Compiling DefaultPostProcessMaterial: Platform=GLSL_ES3_1_ANDROID, Usage=LightingModel=MSM_Unlit, BlendMode=BLEND_Opaque, SpecialEngine=0, TwoSided=0, TSNormal=1, Masked=0, Distorted=0, WritesEveryPixel=1, ModifiesMeshPosition=0, Usage={bUsedWithSkeletalMesh,bUsedWithStaticLighting}"
"/Engine/EngineMaterials/BaseFlattenMaterial.BaseFlattenMaterial","24","0","0","64","0","Compiling BaseFlattenMaterial: Platform=GLSL_ES3_1_ANDROID, Usage=LightingModel=MSM_DefaultLit, BlendMode=BLEND_Opaque, SpecialEngine=0, TwoSided=0, TSNormal=1, Masked=0, Distorted=0, WritesEveryPixel=1, ModifiesMeshPosition=1, Usage={bUsedWithStaticLighting}"
"/Engine/VREditor/TransformGizmo/Main.Main","24","0","0","4","0","Compiling Main: Platform=GLSL_ES3_1_ANDROID, Usage=LightingModel=MSM_Unlit, BlendMode=BLEND_Translucent, SpecialEngine=0, TwoSided=0, TSNormal=1, Masked=0, Distorted=0, WritesEveryPixel=1, ModifiesMeshPosition=0, Usage={}"
"/Engine/VREditor/TransformGizmo/Xray.Xray","24","0","0","30","0","Compiling Xray: Platform=GLSL_ES3_1_ANDROID, Usage=LightingModel=MSM_DefaultLit, BlendMode=BLEND_Opaque, SpecialEngine=0, TwoSided=0, TSNormal=1, Masked=0, Distorted=0, WritesEveryPixel=1, ModifiesMeshPosition=0, Usage={}"
"/Engine/EngineMaterials/Widget3DPassThrough.Widget3DPassThrough","24","0","0","4","0","Compiling Widget3DPassThrough: Platform=GLSL_ES3_1_ANDROID, Usage=LightingModel=MSM_Unlit, BlendMode=BLEND_Translucent, SpecialEngine=0, TwoSided=1, TSNormal=1, Masked=0, Distorted=0, WritesEveryPixel=1, ModifiesMeshPosition=0, Usage={}"
"/Engine/EngineMaterials/Widget3DPassThrough.Widget3DPassThrough","24","0","0","4","0","Compiling Widget3DPassThrough: Platform=GLSL_ES3_1_ANDROID, Usage=LightingModel=MSM_Unlit, BlendMode=BLEND_Translucent, SpecialEngine=0, TwoSided=0, TSNormal=1, Masked=0, Distorted=0, WritesEveryPixel=1, ModifiesMeshPosition=0, Usage={}"
"/Engine/EngineMaterials/Widget3DPassThrough.Widget3DPassThrough","24","0","0","2","0","Compiling Widget3DPassThrough: Platform=GLSL_ES3_1_ANDROID, Usage=LightingModel=MSM_Unlit, BlendMode=BLEND_Opaque, SpecialEngine=0, TwoSided=1, TSNormal=1, Masked=0, Distorted=0, WritesEveryPixel=1, ModifiesMeshPosition=0, Usage={}"
"/Engine/EngineMaterials/Widget3DPassThrough.Widget3DPassThrough","24","0","0","2","0","Compiling Widget3DPassThrough: Platform=GLSL_ES3_1_ANDROID, Usage=LightingModel=MSM_Unlit, BlendMode=BLEND_Opaque, SpecialEngine=0, TwoSided=0, TSNormal=1, Masked=0, Distorted=0, WritesEveryPixel=1, ModifiesMeshPosition=0, Usage={}"
"/Engine/EngineMaterials/Widget3DPassThrough.Widget3DPassThrough","24","0","0","12","0","Compiling Widget3DPassThrough: Platform=GLSL_ES3_1_ANDROID, Usage=LightingModel=MSM_Unlit, BlendMode=BLEND_Masked, SpecialEngine=0, TwoSided=1, TSNormal=1, Masked=1, Distorted=0, WritesEveryPixel=0, ModifiesMeshPosition=0, Usage={}"
"/Engine/EngineMaterials/Widget3DPassThrough.Widget3DPassThrough","24","0","0","12","0","Compiling Widget3DPassThrough: Platform=GLSL_ES3_1_ANDROID, Usage=LightingModel=MSM_Unlit, BlendMode=BLEND_Masked, SpecialEngine=0, TwoSided=0, TSNormal=1, Masked=1, Distorted=0, WritesEveryPixel=0, ModifiesMeshPosition=0, Usage={}"
"/Game/VirtualReality/Materials/M_ArcEndpoint.M_ArcEndpoint","24","0","0","57","0","Compiling M_ArcEndpoint: Platform=GLSL_ES3_1_ANDROID, Usage=LightingModel=MSM_DefaultLit, BlendMode=BLEND_Translucent, SpecialEngine=0, TwoSided=0, TSNormal=1, Masked=0, Distorted=0, WritesEveryPixel=1, ModifiesMeshPosition=0, Usage={bUsedWithStaticLighting}"
"/Game/VirtualReality/Materials/M_SplineArcMat.M_SplineArcMat","24","0","0","8","0","Compiling M_SplineArcMat: Platform=GLSL_ES3_1_ANDROID, Usage=LightingModel=MSM_Unlit, BlendMode=BLEND_Translucent, SpecialEngine=0, TwoSided=1, TSNormal=1, Masked=0, Distorted=0, WritesEveryPixel=1, ModifiesMeshPosition=0, Usage={bUsedWithSplineMeshes}"
"/Game/VirtualReality/Mannequin/Character/Materials/M_HandMat.M_HandMat","24","0","0","90","0","Compiling M_HandMat: Platform=GLSL_ES3_1_ANDROID, Usage=LightingModel=MSM_DefaultLit, BlendMode=BLEND_Opaque, SpecialEngine=0, TwoSided=0, TSNormal=1, Masked=0, Distorted=0, WritesEveryPixel=1, ModifiesMeshPosition=0, Usage={bUsedWithSkeletalMesh}"
"/Game/VirtualRealityBP/Blueprints/MenuBP/M_Menu.M_Menu","24","0","0","32","0","Compiling M_Menu: Platform=GLSL_ES3_1_ANDROID, Usage=LightingModel=MSM_DefaultLit, BlendMode=BLEND_Translucent, SpecialEngine=0, TwoSided=0, TSNormal=1, Masked=0, Distorted=0, WritesEveryPixel=1, ModifiesMeshPosition=0, Usage={}"
"/Engine/BasicShapes/BasicShapeMaterial.BasicShapeMaterial","24","0","0","165","0","Compiling BasicShapeMaterial: Platform=GLSL_ES3_1_ANDROID, Usage=LightingModel=MSM_DefaultLit, BlendMode=BLEND_Opaque, SpecialEngine=0, TwoSided=0, TSNormal=1, Masked=0, Distorted=0, WritesEveryPixel=1, ModifiesMeshPosition=0, Usage={bUsedWithStaticLighting,bUsedWithInstancedStaticMeshes,bUsedWithGeometryCollections}"
"/Game/Geometry/Meshes/CubeMaterial.CubeMaterial","24","0","0","55","0","Compiling CubeMaterial: Platform=GLSL_ES3_1_ANDROID, Usage=LightingModel=MSM_DefaultLit, BlendMode=BLEND_Opaque, SpecialEngine=0, TwoSided=0, TSNormal=1, Masked=0, Distorted=0, WritesEveryPixel=1, ModifiesMeshPosition=0, Usage={bUsedWithStaticLighting}"
"/Game/VirtualReality/Materials/M_BaseMaterial.M_BaseMaterial","24","0","0","115","0","Compiling M_BaseMaterial: Platform=GLSL_ES3_1_ANDROID, Usage=LightingModel=MSM_DefaultLit, BlendMode=BLEND_Opaque, SpecialEngine=0, TwoSided=0, TSNormal=1, Masked=0, Distorted=0, WritesEveryPixel=1, ModifiesMeshPosition=0, Usage={bUsedWithSkeletalMesh,bUsedWithStaticLighting}"
"/Engine/EngineSky/M_Sky_Panning_Clouds2.M_Sky_Panning_Clouds2","24","0","0","2","0","Compiling M_Sky_Panning_Clouds2: Platform=GLSL_ES3_1_ANDROID, Usage=LightingModel=MSM_Unlit, BlendMode=BLEND_Opaque, SpecialEngine=0, TwoSided=0, TSNormal=1, Masked=0, Distorted=0, WritesEveryPixel=1, ModifiesMeshPosition=0, Usage={bUsedWithStaticLighting}"
"/Engine/EditorMaterials/PreviewShadowIndicatorMaterial.PreviewShadowIndicatorMaterial","24","0","0","2","0","Compiling PreviewShadowIndicatorMaterial: Platform=GLSL_ES3_1_ANDROID, Usage=LightingModel=MSM_Unlit, BlendMode=BLEND_Opaque, SpecialEngine=0, TwoSided=0, TSNormal=1, Masked=0, Distorted=0, WritesEveryPixel=1, ModifiesMeshPosition=0, Usage={}"
"/Engine/VREditor/TransformGizmo/TransformGizmoMaterial.TransformGizmoMaterial","24","0","0","2","0","Compiling TransformGizmoMaterial: Platform=GLSL_ES3_1_ANDROID, Usage=LightingModel=MSM_Unlit, BlendMode=BLEND_Opaque, SpecialEngine=0, TwoSided=0, TSNormal=1, Masked=0, Distorted=0, WritesEveryPixel=1, ModifiesMeshPosition=0, Usage={}"
"/Engine/VREditor/TransformGizmo/TranslucentTransformGizmoMaterial.TranslucentTransformGizmoMaterial","24","0","0","4","0","Compiling TranslucentTransformGizmoMaterial: Platform=GLSL_ES3_1_ANDROID, Usage=LightingModel=MSM_Unlit, BlendMode=BLEND_Translucent, SpecialEngine=0, TwoSided=0, TSNormal=1, Masked=0, Distorted=0, WritesEveryPixel=1, ModifiesMeshPosition=0, Usage={}"
"/Engine/EngineDebugMaterials/WireframeMaterial.WireframeMaterial","24","0","0","255","0","Compiling WireframeMaterial: Platform=GLSL_ES3_1_ANDROID, Usage=LightingModel=MSM_Unlit, BlendMode=BLEND_Opaque, SpecialEngine=1, TwoSided=0, TSNormal=1, Masked=0, Distorted=0, WritesEveryPixel=0, ModifiesMeshPosition=0, Usage={}"
"/Engine/EditorMaterials/Camera/CineMat.CineMat","24","0","0","60","0","Compiling CineMat: Platform=GLSL_ES3_1_ANDROID, Usage=LightingModel=MSM_DefaultLit, BlendMode=BLEND_Opaque, SpecialEngine=0, TwoSided=0, TSNormal=1, Masked=0, Distorted=0, WritesEveryPixel=1, ModifiesMeshPosition=0, Usage={bUsedWithSplineMeshes}"
"/Engine/EngineDebugMaterials/M_SimpleUnlitTranslucent.M_SimpleUnlitTranslucent","24","0","0","4","0","Compiling M_SimpleUnlitTranslucent: Platform=GLSL_ES3_1_ANDROID, Usage=LightingModel=MSM_Unlit, BlendMode=BLEND_Translucent, SpecialEngine=0, TwoSided=0, TSNormal=1, Masked=0, Distorted=0, WritesEveryPixel=1, ModifiesMeshPosition=0, Usage={}"
"/Paper2D/DefaultSpriteMaterial.DefaultSpriteMaterial","24","0","0","24","0","Compiling DefaultSpriteMaterial: Platform=GLSL_ES3_1_ANDROID, Usage=LightingModel=MSM_Unlit, BlendMode=BLEND_Masked, SpecialEngine=0, TwoSided=1, TSNormal=1, Masked=1, Distorted=0, WritesEveryPixel=0, ModifiesMeshPosition=0, Usage={bUsedWithNiagaraSprites}"
"/Paper2D/DefaultSpriteMaterial.DefaultSpriteMaterial","24","0","0","4","0","Compiling DefaultSpriteMaterial: Platform=GLSL_ES3_1_ANDROID, Usage=LightingModel=MSM_Unlit, BlendMode=BLEND_Opaque, SpecialEngine=0, TwoSided=1, TSNormal=1, Masked=0, Distorted=0, WritesEveryPixel=1, ModifiesMeshPosition=0, Usage={bUsedWithNiagaraSprites}"
"/Engine/EngineDebugMaterials/DebugEditorMaterial.DebugEditorMaterial","24","0","0","2","0","Compiling DebugEditorMaterial: Platform=GLSL_ES3_1_ANDROID, Usage=LightingModel=MSM_Unlit, BlendMode=BLEND_Opaque, SpecialEngine=0, TwoSided=1, TSNormal=1, Masked=0, Distorted=0, WritesEveryPixel=1, ModifiesMeshPosition=0, Usage={}"
"/Engine/EngineMaterials/DefaultMaterial.DefaultMaterial","24","0","0","315","0","Compiling DefaultMaterial: Platform=GLSL_ES3_1_ANDROID, Usage=LightingModel=MSM_DefaultLit, BlendMode=BLEND_Opaque, SpecialEngine=0, TwoSided=0, TSNormal=1, Masked=0, Distorted=0, WritesEveryPixel=1, ModifiesMeshPosition=0, Usage={bUsedWithSkeletalMesh,bUsedWithMeshParticles,bUsedWithStaticLighting,bUsedWithSplineMeshes,bUsedWithInstancedStaticMeshes,bUsedWithNiagaraSprites,bUsedWithNiagaraRibbons}"
"/Engine/EngineDebugMaterials/M_VolumeRenderSphereTracePP.M_VolumeRenderSphereTracePP","24","0","0","4","0","Compiling M_VolumeRenderSphereTracePP: Platform=GLSL_ES3_1_ANDROID, Usage=LightingModel=MSM_Unlit, BlendMode=BLEND_Opaque, SpecialEngine=0, TwoSided=0, TSNormal=1, Masked=0, Distorted=0, WritesEveryPixel=1, ModifiesMeshPosition=0, Usage={}"
"/OculusVR/Materials/OculusMR_WhiteMaterial.OculusMR_WhiteMaterial","24","0","0","4","0","Compiling OculusMR_WhiteMaterial: Platform=GLSL_ES3_1_ANDROID, Usage=LightingModel=MSM_Unlit, BlendMode=BLEND_Translucent, SpecialEngine=0, TwoSided=0, TSNormal=1, Masked=0, Distorted=0, WritesEveryPixel=1, ModifiesMeshPosition=0, Usage={}"
"/OculusVR/Materials/OculusMR_ChromaKey.OculusMR_ChromaKey","24","0","0","4","0","Compiling OculusMR_ChromaKey: Platform=GLSL_ES3_1_ANDROID, Usage=LightingModel=MSM_Unlit, BlendMode=BLEND_Translucent, SpecialEngine=0, TwoSided=0, TSNormal=1, Masked=0, Distorted=0, WritesEveryPixel=1, ModifiesMeshPosition=0, Usage={}"
"/OculusVR/Materials/OculusMR_ChromaKey_Lit.OculusMR_ChromaKey_Lit","24","0","0","32","0","Compiling OculusMR_ChromaKey_Lit: Platform=GLSL_ES3_1_ANDROID, Usage=LightingModel=MSM_DefaultLit, BlendMode=BLEND_Translucent, SpecialEngine=0, TwoSided=0, TSNormal=1, Masked=0, Distorted=0, WritesEveryPixel=1, ModifiesMeshPosition=0, Usage={}"
"/OculusVR/Materials/OculusMR_OpaqueColoredMaterial.OculusMR_OpaqueColoredMaterial","24","0","0","2","0","Compiling OculusMR_OpaqueColoredMaterial: Platform=GLSL_ES3_1_ANDROID, Usage=LightingModel=MSM_Unlit, BlendMode=BLEND_Opaque, SpecialEngine=0, TwoSided=0, TSNormal=1, Masked=0, Distorted=0, WritesEveryPixel=1, ModifiesMeshPosition=0, Usage={}"
"/Engine/EngineMaterials/RemoveSurfaceMaterial.RemoveSurfaceMaterial","24","0","0","2","0","Compiling RemoveSurfaceMaterial: Platform=GLSL_ES3_1_ANDROID, Usage=LightingModel=MSM_Unlit, BlendMode=BLEND_Opaque, SpecialEngine=0, TwoSided=0, TSNormal=1, Masked=0, Distorted=0, WritesEveryPixel=1, ModifiesMeshPosition=0, Usage={bUsedWithStaticLighting}"
"/Engine/EngineDebugMaterials/DebugMeshMaterial.DebugMeshMaterial","24","0","0","4","0","Compiling DebugMeshMaterial: Platform=GLSL_ES3_1_ANDROID, Usage=LightingModel=MSM_Unlit, BlendMode=BLEND_Translucent, SpecialEngine=0, TwoSided=1, TSNormal=1, Masked=0, Distorted=0, WritesEveryPixel=1, ModifiesMeshPosition=0, Usage={}"
"/Engine/EngineMaterials/EmissiveMeshMaterial.EmissiveMeshMaterial","24","0","0","4","0","Compiling EmissiveMeshMaterial: Platform=GLSL_ES3_1_ANDROID, Usage=LightingModel=MSM_Unlit, BlendMode=BLEND_Additive, SpecialEngine=0, TwoSided=1, TSNormal=1, Masked=0, Distorted=0, WritesEveryPixel=1, ModifiesMeshPosition=0, Usage={}"
"/Engine/EngineMaterials/M_InvalidLightmapSettings.M_InvalidLightmapSettings","24","0","0","60","0","Compiling M_InvalidLightmapSettings: Platform=GLSL_ES3_1_ANDROID, Usage=LightingModel=MSM_DefaultLit, BlendMode=BLEND_Opaque, SpecialEngine=0, TwoSided=0, TSNormal=1, Masked=0, Distorted=0, WritesEveryPixel=1, ModifiesMeshPosition=0, Usage={bUsedWithInstancedStaticMeshes}"
"/Engine/EngineMaterials/GizmoMaterial.GizmoMaterial","24","0","0","2","0","Compiling GizmoMaterial: Platform=GLSL_ES3_1_ANDROID, Usage=LightingModel=MSM_Unlit, BlendMode=BLEND_Opaque, SpecialEngine=0, TwoSided=1, TSNormal=1, Masked=0, Distorted=0, WritesEveryPixel=1, ModifiesMeshPosition=0, Usage={}"
"/Engine/EngineMaterials/PhAT_JointLimitMaterial.PhAT_JointLimitMaterial","24","0","0","12","0","Compiling PhAT_JointLimitMaterial: Platform=GLSL_ES3_1_ANDROID, Usage=LightingModel=MSM_Unlit, BlendMode=BLEND_Translucent, SpecialEngine=0, TwoSided=1, TSNormal=1, Masked=0, Distorted=0, WritesEveryPixel=1, ModifiesMeshPosition=1, Usage={}"
"/Game/Geometry/OculusController/controllerMTL.controllerMTL","24","0","0","30","0","Compiling controllerMTL: Platform=GLSL_ES3_1_ANDROID, Usage=LightingModel=MSM_DefaultLit, BlendMode=BLEND_Opaque, SpecialEngine=0, TwoSided=0, TSNormal=1, Masked=0, Distorted=0, WritesEveryPixel=1, ModifiesMeshPosition=0, Usage={}"
"/Game/VirtualReality/Materials/M_TeleportPreviews.M_TeleportPreviews","24","0","0","4","0","Compiling M_TeleportPreviews: Platform=GLSL_ES3_1_ANDROID, Usage=LightingModel=MSM_Unlit, BlendMode=BLEND_Translucent, SpecialEngine=0, TwoSided=1, TSNormal=1, Masked=0, Distorted=0, WritesEveryPixel=1, ModifiesMeshPosition=0, Usage={bUsedWithStaticLighting}"
"/Game/MobileStarterContent/Materials/M_Basic_Floor.M_Basic_Floor","24","55","0","55","0","Compiling M_Basic_Floor: Platform=GLSL_ES3_1_ANDROID, Usage=LightingModel=MSM_DefaultLit, BlendMode=BLEND_Opaque, SpecialEngine=0, TwoSided=0, TSNormal=1, Masked=0, Distorted=0, WritesEveryPixel=1, ModifiesMeshPosition=0, Usage={bUsedWithStaticLighting}"
"/Game/MobileStarterContent/Materials/M_Basic_Wall.M_Basic_Wall","24","0","0","55","0","Compiling M_Basic_Wall: Platform=GLSL_ES3_1_ANDROID, Usage=LightingModel=MSM_DefaultLit, BlendMode=BLEND_Opaque, SpecialEngine=0, TwoSided=0, TSNormal=1, Masked=0, Distorted=0, WritesEveryPixel=1, ModifiesMeshPosition=0, Usage={bUsedWithStaticLighting}"
"/Game/MobileStarterContent/Props/Materials/M_Chair.M_Chair","24","55","0","55","0","Compiling M_Chair: Platform=GLSL_ES3_1_ANDROID, Usage=LightingModel=MSM_DefaultLit, BlendMode=BLEND_Opaque, SpecialEngine=0, TwoSided=0, TSNormal=1, Masked=0, Distorted=0, WritesEveryPixel=1, ModifiesMeshPosition=0, Usage={bUsedWithStaticLighting}"
"/Game/MobileStarterContent/Materials/M_Wood_Walnut.M_Wood_Walnut","24","55","0","55","0","Compiling M_Wood_Walnut: Platform=GLSL_ES3_1_ANDROID, Usage=LightingModel=MSM_DefaultLit, BlendMode=BLEND_Opaque, SpecialEngine=0, TwoSided=0, TSNormal=1, Masked=0, Distorted=0, WritesEveryPixel=1, ModifiesMeshPosition=0, Usage={bUsedWithStaticLighting}"
"/Game/MobileStarterContent/Materials/M_Wood_Pine.M_Wood_Pine","24","55","0","55","0","Compiling M_Wood_Pine: Platform=GLSL_ES3_1_ANDROID, Usage=LightingModel=MSM_DefaultLit, BlendMode=BLEND_Opaque, SpecialEngine=0, TwoSided=0, TSNormal=1, Masked=0, Distorted=0, WritesEveryPixel=1, ModifiesMeshPosition=0, Usage={bUsedWithStaticLighting}"
"/Game/MobileStarterContent/Materials/M_Wood_Oak.M_Wood_Oak","24","55","0","55","0","Compiling M_Wood_Oak: Platform=GLSL_ES3_1_ANDROID, Usage=LightingModel=MSM_DefaultLit, BlendMode=BLEND_Opaque, SpecialEngine=0, TwoSided=0, TSNormal=1, Masked=0, Distorted=0, WritesEveryPixel=1, ModifiesMeshPosition=0, Usage={bUsedWithStaticLighting}"
"/Game/MobileStarterContent/Materials/M_Wood_Floor_Walnut_Worn.M_Wood_Floor_Walnut_Worn","24","55","0","55","0","Compiling M_Wood_Floor_Walnut_Worn: Platform=GLSL_ES3_1_ANDROID, Usage=LightingModel=MSM_DefaultLit, BlendMode=BLEND_Opaque, SpecialEngine=0, TwoSided=0, TSNormal=1, Masked=0, Distorted=0, WritesEveryPixel=1, ModifiesMeshPosition=0, Usage={bUsedWithStaticLighting}"
"/Game/MobileStarterContent/Materials/M_Wood_Floor_Walnut_Polished.M_Wood_Floor_Walnut_Polished","24","55","0","55","0","Compiling M_Wood_Floor_Walnut_Polished: Platform=GLSL_ES3_1_ANDROID, Usage=LightingModel=MSM_DefaultLit, BlendMode=BLEND_Opaque, SpecialEngine=0, TwoSided=0, TSNormal=1, Masked=0, Distorted=0, WritesEveryPixel=1, ModifiesMeshPosition=0, Usage={bUsedWithStaticLighting}"
"/Game/MobileStarterContent/Materials/M_Water_Lake.M_Water_Lake","24","55","0","55","0","Compiling M_Water_Lake: Platform=GLSL_ES3_1_ANDROID, Usage=LightingModel=MSM_DefaultLit, BlendMode=BLEND_Opaque, SpecialEngine=0, TwoSided=0, TSNormal=1, Masked=0, Distorted=0, WritesEveryPixel=1, ModifiesMeshPosition=0, Usage={bUsedWithStaticLighting}"
"/Game/MobileStarterContent/Materials/M_Tech_Panel.M_Tech_Panel","24","55","0","55","0","Compiling M_Tech_Panel: Platform=GLSL_ES3_1_ANDROID, Usage=LightingModel=MSM_DefaultLit, BlendMode=BLEND_Opaque, SpecialEngine=0, TwoSided=0, TSNormal=1, Masked=0, Distorted=0, WritesEveryPixel=1, ModifiesMeshPosition=0, Usage={bUsedWithStaticLighting}"
"/Game/MobileStarterContent/Materials/M_Tech_Hex_Tile_Pulse.M_Tech_Hex_Tile_Pulse","24","55","0","55","0","Compiling M_Tech_Hex_Tile_Pulse: Platform=GLSL_ES3_1_ANDROID, Usage=LightingModel=MSM_DefaultLit, BlendMode=BLEND_Opaque, SpecialEngine=0, TwoSided=0, TSNormal=1, Masked=0, Distorted=0, WritesEveryPixel=1, ModifiesMeshPosition=0, Usage={bUsedWithStaticLighting}"
"/Game/MobileStarterContent/Materials/M_Tech_Hex_Tile.M_Tech_Hex_Tile","24","55","0","55","0","Compiling M_Tech_Hex_Tile: Platform=GLSL_ES3_1_ANDROID, Usage=LightingModel=MSM_DefaultLit, BlendMode=BLEND_Opaque, SpecialEngine=0, TwoSided=0, TSNormal=1, Masked=0, Distorted=0, WritesEveryPixel=1, ModifiesMeshPosition=0, Usage={bUsedWithStaticLighting}"
"/Game/MobileStarterContent/Materials/M_Tech_Checker_Dot.M_Tech_Checker_Dot","24","55","0","55","0","Compiling M_Tech_Checker_Dot: Platform=GLSL_ES3_1_ANDROID, Usage=LightingModel=MSM_DefaultLit, BlendMode=BLEND_Opaque, SpecialEngine=0, TwoSided=0, TSNormal=1, Masked=0, Distorted=0, WritesEveryPixel=1, ModifiesMeshPosition=0, Usage={bUsedWithStaticLighting}"
"/Game/MobileStarterContent/Materials/M_Rock_Sandstone.M_Rock_Sandstone","24","55","0","55","0","Compiling M_Rock_Sandstone: Platform=GLSL_ES3_1_ANDROID, Usage=LightingModel=MSM_DefaultLit, BlendMode=BLEND_Opaque, SpecialEngine=0, TwoSided=0, TSNormal=1, Masked=0, Distorted=0, WritesEveryPixel=1, ModifiesMeshPosition=0, Usage={bUsedWithStaticLighting}"
"/Game/MobileStarterContent/Materials/M_Rock_Slate.M_Rock_Slate","24","55","0","55","0","Compiling M_Rock_Slate: Platform=GLSL_ES3_1_ANDROID, Usage=LightingModel=MSM_DefaultLit, BlendMode=BLEND_Opaque, SpecialEngine=0, TwoSided=0, TSNormal=1, Masked=0, Distorted=0, WritesEveryPixel=1, ModifiesMeshPosition=0, Usage={bUsedWithStaticLighting}"
"/Game/MobileStarterContent/Materials/M_Rock_Marble_Polished.M_Rock_Marble_Polished","24","55","0","55","0","Compiling M_Rock_Marble_Polished: Platform=GLSL_ES3_1_ANDROID, Usage=LightingModel=MSM_DefaultLit, BlendMode=BLEND_Opaque, SpecialEngine=0, TwoSided=0, TSNormal=1, Masked=0, Distorted=0, WritesEveryPixel=1, ModifiesMeshPosition=0, Usage={bUsedWithStaticLighting}"
"/Game/MobileStarterContent/Materials/M_Rock_Basalt.M_Rock_Basalt","24","55","0","55","0","Compiling M_Rock_Basalt: Platform=GLSL_ES3_1_ANDROID, Usage=LightingModel=MSM_DefaultLit, BlendMode=BLEND_Opaque, SpecialEngine=0, TwoSided=0, TSNormal=1, Masked=0, Distorted=0, WritesEveryPixel=1, ModifiesMeshPosition=0, Usage={bUsedWithStaticLighting}"
"/Game/MobileStarterContent/Materials/M_Metal_Steel.M_Metal_Steel","24","55","0","55","0","Compiling M_Metal_Steel: Platform=GLSL_ES3_1_ANDROID, Usage=LightingModel=MSM_DefaultLit, BlendMode=BLEND_Opaque, SpecialEngine=0, TwoSided=0, TSNormal=1, Masked=0, Distorted=0, WritesEveryPixel=1, ModifiesMeshPosition=0, Usage={bUsedWithStaticLighting}"
"/Game/MobileStarterContent/Materials/M_Metal_Rust.M_Metal_Rust","24","55","0","55","0","Compiling M_Metal_Rust: Platform=GLSL_ES3_1_ANDROID, Usage=LightingModel=MSM_DefaultLit, BlendMode=BLEND_Opaque, SpecialEngine=0, TwoSided=0, TSNormal=1, Masked=0, Distorted=0, WritesEveryPixel=1, ModifiesMeshPosition=0, Usage={bUsedWithStaticLighting}"
"/Game/MobileStarterContent/Materials/M_Metal_Gold.M_Metal_Gold","24","55","0","55","0","Compiling M_Metal_Gold: Platform=GLSL_ES3_1_ANDROID, Usage=LightingModel=MSM_DefaultLit, BlendMode=BLEND_Opaque, SpecialEngine=0, TwoSided=0, TSNormal=1, Masked=0, Distorted=0, WritesEveryPixel=1, ModifiesMeshPosition=0, Usage={bUsedWithStaticLighting}"
"/Game/MobileStarterContent/Materials/M_Metal_Copper.M_Metal_Copper","24","55","0","55","0","Compiling M_Metal_Copper: Platform=GLSL_ES3_1_ANDROID, Usage=LightingModel=MSM_DefaultLit, BlendMode=BLEND_Opaque, SpecialEngine=0, TwoSided=0, TSNormal=1, Masked=0, Distorted=0, WritesEveryPixel=1, ModifiesMeshPosition=0, Usage={bUsedWithStaticLighting}"
"/Game/MobileStarterContent/Materials/M_Metal_Chrome.M_Metal_Chrome","24","55","0","55","0","Compiling M_Metal_Chrome: Platform=GLSL_ES3_1_ANDROID, Usage=LightingModel=MSM_DefaultLit, BlendMode=BLEND_Opaque, SpecialEngine=0, TwoSided=0, TSNormal=1, Masked=0, Distorted=0, WritesEveryPixel=1, ModifiesMeshPosition=0, Usage={bUsedWithStaticLighting}"
"/Game/MobileStarterContent/Materials/M_Metal_Burnished_Steel.M_Metal_Burnished_Steel","24","55","0","55","0","Compiling M_Metal_Burnished_Steel: Platform=GLSL_ES3_1_ANDROID, Usage=LightingModel=MSM_DefaultLit, BlendMode=BLEND_Opaque, SpecialEngine=0, TwoSided=0, TSNormal=1, Masked=0, Distorted=0, WritesEveryPixel=1, ModifiesMeshPosition=0, Usage={bUsedWithStaticLighting}"
"/Game/MobileStarterContent/Materials/M_Metal_Brushed_Nickel.M_Metal_Brushed_Nickel","24","55","0","55","0","Compiling M_Metal_Brushed_Nickel: Platform=GLSL_ES3_1_ANDROID, Usage=LightingModel=MSM_DefaultLit, BlendMode=BLEND_Opaque, SpecialEngine=0, TwoSided=0, TSNormal=1, Masked=0, Distorted=0, WritesEveryPixel=1, ModifiesMeshPosition=0, Usage={bUsedWithStaticLighting}"
"/Game/MobileStarterContent/Materials/M_Ground_Moss.M_Ground_Moss","24","55","0","55","0","Compiling M_Ground_Moss: Platform=GLSL_ES3_1_ANDROID, Usage=LightingModel=MSM_DefaultLit, BlendMode=BLEND_Opaque, SpecialEngine=0, TwoSided=0, TSNormal=1, Masked=0, Distorted=0, WritesEveryPixel=1, ModifiesMeshPosition=0, Usage={bUsedWithStaticLighting}"
"/Game/MobileStarterContent/Materials/M_Ground_Gravel.M_Ground_Gravel","24","55","0","55","0","Compiling M_Ground_Gravel: Platform=GLSL_ES3_1_ANDROID, Usage=LightingModel=MSM_DefaultLit, BlendMode=BLEND_Opaque, SpecialEngine=0, TwoSided=0, TSNormal=1, Masked=0, Distorted=0, WritesEveryPixel=1, ModifiesMeshPosition=0, Usage={bUsedWithStaticLighting}"
"/Game/MobileStarterContent/Materials/M_CobbleStone_Rough.M_CobbleStone_Rough","24","55","0","55","0","Compiling M_CobbleStone_Rough: Platform=GLSL_ES3_1_ANDROID, Usage=LightingModel=MSM_DefaultLit, BlendMode=BLEND_Opaque, SpecialEngine=0, TwoSided=0, TSNormal=1, Masked=0, Distorted=0, WritesEveryPixel=1, ModifiesMeshPosition=0, Usage={bUsedWithStaticLighting}"
"/Game/MobileStarterContent/Materials/M_Ground_Grass.M_Ground_Grass","24","55","0","55","0","Compiling M_Ground_Grass: Platform=GLSL_ES3_1_ANDROID, Usage=LightingModel=MSM_DefaultLit, BlendMode=BLEND_Opaque, SpecialEngine=0, TwoSided=0, TSNormal=1, Masked=0, Distorted=0, WritesEveryPixel=1, ModifiesMeshPosition=0, Usage={bUsedWithStaticLighting}"
"/Game/MobileStarterContent/Materials/M_Concrete_Tiles.M_Concrete_Tiles","24","55","0","55","0","Compiling M_Concrete_Tiles: Platform=GLSL_ES3_1_ANDROID, Usage=LightingModel=MSM_DefaultLit, BlendMode=BLEND_Opaque, SpecialEngine=0, TwoSided=0, TSNormal=1, Masked=0, Distorted=0, WritesEveryPixel=1, ModifiesMeshPosition=0, Usage={bUsedWithStaticLighting}"
"/Game/MobileStarterContent/Materials/M_Concrete_Poured.M_Concrete_Poured","24","55","0","55","0","Compiling M_Concrete_Poured: Platform=GLSL_ES3_1_ANDROID, Usage=LightingModel=MSM_DefaultLit, BlendMode=BLEND_Opaque, SpecialEngine=0, TwoSided=0, TSNormal=1, Masked=0, Distorted=0, WritesEveryPixel=1, ModifiesMeshPosition=0, Usage={bUsedWithStaticLighting}"
"/Game/MobileStarterContent/Materials/M_Concrete_Panels.M_Concrete_Panels","24","55","0","55","0","Compiling M_Concrete_Panels: Platform=GLSL_ES3_1_ANDROID, Usage=LightingModel=MSM_DefaultLit, BlendMode=BLEND_Opaque, SpecialEngine=0, TwoSided=0, TSNormal=1, Masked=0, Distorted=0, WritesEveryPixel=1, ModifiesMeshPosition=0, Usage={bUsedWithStaticLighting}"
"/Game/MobileStarterContent/Materials/M_Concrete_Grime.M_Concrete_Grime","24","55","0","55","0","Compiling M_Concrete_Grime: Platform=GLSL_ES3_1_ANDROID, Usage=LightingModel=MSM_DefaultLit, BlendMode=BLEND_Opaque, SpecialEngine=0, TwoSided=0, TSNormal=1, Masked=0, Distorted=0, WritesEveryPixel=1, ModifiesMeshPosition=0, Usage={bUsedWithStaticLighting}"
"/Game/MobileStarterContent/Materials/M_CobbleStone_Smooth.M_CobbleStone_Smooth","24","55","0","55","0","Compiling M_CobbleStone_Smooth: Platform=GLSL_ES3_1_ANDROID, Usage=LightingModel=MSM_DefaultLit, BlendMode=BLEND_Opaque, SpecialEngine=0, TwoSided=0, TSNormal=1, Masked=0, Distorted=0, WritesEveryPixel=1, ModifiesMeshPosition=0, Usage={bUsedWithStaticLighting}"
"/Game/MobileStarterContent/Materials/M_Ceramic_Tile_Checker.M_Ceramic_Tile_Checker","24","55","0","55","0","Compiling M_Ceramic_Tile_Checker: Platform=GLSL_ES3_1_ANDROID, Usage=LightingModel=MSM_DefaultLit, BlendMode=BLEND_Opaque, SpecialEngine=0, TwoSided=0, TSNormal=1, Masked=0, Distorted=0, WritesEveryPixel=1, ModifiesMeshPosition=0, Usage={bUsedWithStaticLighting}"
"/Game/MobileStarterContent/Materials/M_Brick_Hewn_Stone.M_Brick_Hewn_Stone","24","55","0","55","0","Compiling M_Brick_Hewn_Stone: Platform=GLSL_ES3_1_ANDROID, Usage=LightingModel=MSM_DefaultLit, BlendMode=BLEND_Opaque, SpecialEngine=0, TwoSided=0, TSNormal=1, Masked=0, Distorted=0, WritesEveryPixel=1, ModifiesMeshPosition=0, Usage={bUsedWithStaticLighting}"
"/Game/MobileStarterContent/Materials/M_Brick_Cut_Stone.M_Brick_Cut_Stone","24","55","0","55","0","Compiling M_Brick_Cut_Stone: Platform=GLSL_ES3_1_ANDROID, Usage=LightingModel=MSM_DefaultLit, BlendMode=BLEND_Opaque, SpecialEngine=0, TwoSided=0, TSNormal=1, Masked=0, Distorted=0, WritesEveryPixel=1, ModifiesMeshPosition=0, Usage={bUsedWithStaticLighting}"
"/Game/MobileStarterContent/Materials/M_Brick_Clay_Old.M_Brick_Clay_Old","24","55","0","55","0","Compiling M_Brick_Clay_Old: Platform=GLSL_ES3_1_ANDROID, Usage=LightingModel=MSM_DefaultLit, BlendMode=BLEND_Opaque, SpecialEngine=0, TwoSided=0, TSNormal=1, Masked=0, Distorted=0, WritesEveryPixel=1, ModifiesMeshPosition=0, Usage={bUsedWithStaticLighting}"
"/Game/MobileStarterContent/Materials/M_Brick_Clay_New.M_Brick_Clay_New","24","55","0","55","0","Compiling M_Brick_Clay_New: Platform=GLSL_ES3_1_ANDROID, Usage=LightingModel=MSM_DefaultLit, BlendMode=BLEND_Opaque, SpecialEngine=0, TwoSided=0, TSNormal=1, Masked=0, Distorted=0, WritesEveryPixel=1, ModifiesMeshPosition=0, Usage={bUsedWithStaticLighting}"
"/Game/MobileStarterContent/Materials/M_Brick_Clay_Beveled.M_Brick_Clay_Beveled","24","55","0","55","0","Compiling M_Brick_Clay_Beveled: Platform=GLSL_ES3_1_ANDROID, Usage=LightingModel=MSM_DefaultLit, BlendMode=BLEND_Opaque, SpecialEngine=0, TwoSided=0, TSNormal=1, Masked=0, Distorted=0, WritesEveryPixel=1, ModifiesMeshPosition=0, Usage={bUsedWithStaticLighting}"
"/Game/MobileStarterContent/Particles/Materials/M_smoke_subUV.M_smoke_subUV","24","96","0","96","0","Compiling M_smoke_subUV: Platform=GLSL_ES3_1_ANDROID, Usage=LightingModel=MSM_DefaultLit, BlendMode=BLEND_Translucent, SpecialEngine=0, TwoSided=0, TSNormal=1, Masked=0, Distorted=0, WritesEveryPixel=1, ModifiesMeshPosition=0, Usage={bUsedWithParticleSprites}"
"/Game/MobileStarterContent/Props/Materials/M_Lamp.M_Lamp","24","55","0","55","0","Compiling M_Lamp: Platform=GLSL_ES3_1_ANDROID, Usage=LightingModel=MSM_DefaultLit, BlendMode=BLEND_Opaque, SpecialEngine=0, TwoSided=0, TSNormal=1, Masked=0, Distorted=0, WritesEveryPixel=1, ModifiesMeshPosition=0, Usage={bUsedWithStaticLighting}"
"/Game/MobileStarterContent/Particles/Materials/M_Spark.M_Spark","24","12","0","12","0","Compiling M_Spark: Platform=GLSL_ES3_1_ANDROID, Usage=LightingModel=MSM_Unlit, BlendMode=BLEND_Additive, SpecialEngine=0, TwoSided=0, TSNormal=1, Masked=0, Distorted=0, WritesEveryPixel=1, ModifiesMeshPosition=0, Usage={bUsedWithParticleSprites}"
"/Game/MobileStarterContent/Particles/Materials/M_Radial_Gradient.M_Radial_Gradient","24","16","0","16","0","Compiling M_Radial_Gradient: Platform=GLSL_ES3_1_ANDROID, Usage=LightingModel=MSM_Unlit, BlendMode=BLEND_Translucent, SpecialEngine=0, TwoSided=0, TSNormal=1, Masked=0, Distorted=0, WritesEveryPixel=1, ModifiesMeshPosition=0, Usage={bUsedWithParticleSprites,bUsedWithBeamTrails}"
"/Game/MobileStarterContent/Particles/Materials/M_Fire_SubUV.M_Fire_SubUV","24","12","0","12","0","Compiling M_Fire_SubUV: Platform=GLSL_ES3_1_ANDROID, Usage=LightingModel=MSM_Unlit, BlendMode=BLEND_Translucent, SpecialEngine=0, TwoSided=0, TSNormal=1, Masked=0, Distorted=0, WritesEveryPixel=1, ModifiesMeshPosition=0, Usage={bUsedWithParticleSprites}"
"/Game/MobileStarterContent/Particles/Materials/M_Dust_Particle.M_Dust_Particle","24","128","0","128","0","Compiling M_Dust_Particle: Platform=GLSL_ES3_1_ANDROID, Usage=LightingModel=MSM_DefaultLit, BlendMode=BLEND_Translucent, SpecialEngine=0, TwoSided=0, TSNormal=1, Masked=0, Distorted=0, WritesEveryPixel=1, ModifiesMeshPosition=0, Usage={bUsedWithParticleSprites,bUsedWithMeshParticles}"
"/Game/MobileStarterContent/Props/Materials/M_Frame.M_Frame","24","55","0","55","0","Compiling M_Frame: Platform=GLSL_ES3_1_ANDROID, Usage=LightingModel=MSM_DefaultLit, BlendMode=BLEND_Opaque, SpecialEngine=0, TwoSided=0, TSNormal=1, Masked=0, Distorted=0, WritesEveryPixel=1, ModifiesMeshPosition=0, Usage={bUsedWithStaticLighting}"
"/Game/MobileStarterContent/Materials/M_Glass.M_Glass","24","57","0","57","0","Compiling M_Glass: Platform=GLSL_ES3_1_ANDROID, Usage=LightingModel=MSM_DefaultLit, BlendMode=BLEND_Translucent, SpecialEngine=0, TwoSided=0, TSNormal=1, Masked=0, Distorted=0, WritesEveryPixel=1, ModifiesMeshPosition=0, Usage={bUsedWithStaticLighting}"
"/Game/MobileStarterContent/Props/Materials/M_Statue.M_Statue","24","55","0","55","0","Compiling M_Statue: Platform=GLSL_ES3_1_ANDROID, Usage=LightingModel=MSM_DefaultLit, BlendMode=BLEND_Opaque, SpecialEngine=0, TwoSided=0, TSNormal=1, Masked=0, Distorted=0, WritesEveryPixel=1, ModifiesMeshPosition=0, Usage={bUsedWithStaticLighting}"
"/Game/MobileStarterContent/Props/Materials/M_StatueGlass.M_StatueGlass","24","57","0","57","0","Compiling M_StatueGlass: Platform=GLSL_ES3_1_ANDROID, Usage=LightingModel=MSM_DefaultLit, BlendMode=BLEND_Translucent, SpecialEngine=0, TwoSided=0, TSNormal=1, Masked=0, Distorted=0, WritesEveryPixel=1, ModifiesMeshPosition=0, Usage={bUsedWithStaticLighting}"
"/Game/MobileStarterContent/Props/Materials/M_TableRound.M_TableRound","24","55","0","55","0","Compiling M_TableRound: Platform=GLSL_ES3_1_ANDROID, Usage=LightingModel=MSM_DefaultLit, BlendMode=BLEND_Opaque, SpecialEngine=0, TwoSided=0, TSNormal=1, Masked=0, Distorted=0, WritesEveryPixel=1, ModifiesMeshPosition=0, Usage={bUsedWithStaticLighting}"
"/Game/VirtualReality/Materials/GenericHMDMaterial.GenericHMDMaterial","24","30","0","30","0","Compiling GenericHMDMaterial: Platform=GLSL_ES3_1_ANDROID, Usage=LightingModel=MSM_DefaultLit, BlendMode=BLEND_Opaque, SpecialEngine=0, TwoSided=0, TSNormal=1, Masked=0, Distorted=0, WritesEveryPixel=1, ModifiesMeshPosition=0, Usage={}"
"/Game/MobileStarterContent/Props/Materials/M_Shelf.M_Shelf","24","55","0","55","0","Compiling M_Shelf: Platform=GLSL_ES3_1_ANDROID, Usage=LightingModel=MSM_DefaultLit, BlendMode=BLEND_Opaque, SpecialEngine=0, TwoSided=0, TSNormal=1, Masked=0, Distorted=0, WritesEveryPixel=1, ModifiesMeshPosition=0, Usage={bUsedWithStaticLighting}"
"/Game/MobileStarterContent/Props/Materials/M_Rock.M_Rock","24","55","0","55","0","Compiling M_Rock: Platform=GLSL_ES3_1_ANDROID, Usage=LightingModel=MSM_DefaultLit, BlendMode=BLEND_Opaque, SpecialEngine=0, TwoSided=0, TSNormal=1, Masked=0, Distorted=0, WritesEveryPixel=1, ModifiesMeshPosition=0, Usage={bUsedWithStaticLighting}"
"/Game/MobileStarterContent/Props/Materials/M_MaterialSphere_Plain.M_MaterialSphere_Plain","24","30","0","30","0","Compiling M_MaterialSphere_Plain: Platform=GLSL_ES3_1_ANDROID, Usage=LightingModel=MSM_DefaultLit, BlendMode=BLEND_Opaque, SpecialEngine=0, TwoSided=0, TSNormal=1, Masked=0, Distorted=0, WritesEveryPixel=1, ModifiesMeshPosition=0, Usage={}"
"/Game/MobileStarterContent/Props/Materials/M_MaterialSphere.M_MaterialSphere","24","30","0","30","0","Compiling M_MaterialSphere: Platform=GLSL_ES3_1_ANDROID, Usage=LightingModel=MSM_DefaultLit, BlendMode=BLEND_Opaque, SpecialEngine=0, TwoSided=0, TSNormal=1, Masked=0, Distorted=0, WritesEveryPixel=1, ModifiesMeshPosition=0, Usage={}"
"/Game/MobileStarterContent/Props/Materials/M_Door.M_Door","24","55","0","55","0","Compiling M_Door: Platform=GLSL_ES3_1_ANDROID, Usage=LightingModel=MSM_DefaultLit, BlendMode=BLEND_Opaque, SpecialEngine=0, TwoSided=0, TSNormal=1, Masked=0, Distorted=0, WritesEveryPixel=1, ModifiesMeshPosition=0, Usage={bUsedWithStaticLighting}"
"/Game/MobileStarterContent/Props/Materials/M_Bush.M_Bush","24","60","0","65","0","Compiling M_Bush: Platform=GLSL_ES3_1_ANDROID, Usage=LightingModel=MSM_DefaultLit, BlendMode=BLEND_Masked, SpecialEngine=0, TwoSided=1, TSNormal=1, Masked=1, Distorted=0, WritesEveryPixel=0, ModifiesMeshPosition=0, Usage={bUsedWithStaticLighting}"
"/Game/MobileStarterContent/Particles/Materials/M_radial_ramp.M_radial_ramp","24","16","0","16","0","Compiling M_radial_ramp: Platform=GLSL_ES3_1_ANDROID, Usage=LightingModel=MSM_Unlit, BlendMode=BLEND_Translucent, SpecialEngine=0, TwoSided=0, TSNormal=1, Masked=0, Distorted=0, WritesEveryPixel=1, ModifiesMeshPosition=0, Usage={bUsedWithParticleSprites,bUsedWithBeamTrails}"
"/Game/MobileStarterContent/Particles/Materials/m_flare_01.m_flare_01","24","16","0","16","0","Compiling m_flare_01: Platform=GLSL_ES3_1_ANDROID, Usage=LightingModel=MSM_Unlit, BlendMode=BLEND_Additive, SpecialEngine=0, TwoSided=0, TSNormal=1, Masked=0, Distorted=0, WritesEveryPixel=1, ModifiesMeshPosition=0, Usage={bUsedWithParticleSprites,bUsedWithBeamTrails}"
"/Game/MobileStarterContent/Particles/Materials/M_explosion_subUV.M_explosion_subUV","24","12","0","12","0","Compiling M_explosion_subUV: Platform=GLSL_ES3_1_ANDROID, Usage=LightingModel=MSM_Unlit, BlendMode=BLEND_Additive, SpecialEngine=0, TwoSided=0, TSNormal=1, Masked=0, Distorted=0, WritesEveryPixel=1, ModifiesMeshPosition=0, Usage={bUsedWithParticleSprites}"
"/Game/MobileStarterContent/Particles/Materials/M_Burst.M_Burst","24","18","0","18","0","Compiling M_Burst: Platform=GLSL_ES3_1_ANDROID, Usage=LightingModel=MSM_Unlit, BlendMode=BLEND_Additive, SpecialEngine=0, TwoSided=0, TSNormal=1, Masked=0, Distorted=1, WritesEveryPixel=1, ModifiesMeshPosition=0, Usage={bUsedWithParticleSprites}"
